Text,Score
يغادرُ العديدُ من النّاس سنويّاً من بلادهم والأراضي التي يعيشون عليها إلى بلادٍ أُخرى، وعادةً ما تختلفُالاجتماعيّة عن بلادهم، فبُجبرون على التّأقلمِ حتى يتمكنوا من العيش فيالجديد الذي وصلوا له، وخصوصاً في حال كانت إقامتهم فيه دائمة بعد مُشاركتهم في رحلةٍ طويلةٍ للسّفر من دولتهم إلى الدّولة الجديدة التي سيعيشون على أرضها، ويطلقُ على هذه الرّحلة التي تُؤدّي إلى استقرارِ الأفراد في دولةٍ ما بشكلٍ دائم مُسمّى الهجرة.,2
لُغةً لفظٌ مشتقٌ من الكلمة الثُلاثيّة (هَجَرَ)، ومعناها الرّحيلُ عن المكان، أو التَخليّ عن شيءٍ ما، وأيضاً تُعرفُ الهجرة بأنّها انتقالُ الأفراد من مكانٍ إلى الآخر بغرضِ الاستقرار في المكان الجديد.أمّا اصطلاحاً تُعرفُ الهجرة بأنّها الانتقالُ مِنَ البلد الأمّ للاستقرار في بلدٍ آخر، وهي حركة أفراد التي يتمّ فيها الانتقالُ بشكلٍ فرديّ أو جماعيّ من موطنهم الأصليّ إلى وطن جديد، وعادةً ما توجدُ ظروفٌ عديدةٌ تُؤدّي إلى الهجرة، مثل انتشار الحروب الأهليّة أو الخارجيّة في الدّول، أو سوء الأوضاعوالتي تُعتبرُ من المُحفّزات للهجرةِ. وتحرصُ دول المَهجر على تطبيقِ مجموعةٍ من الآليات القانونيّة والتشريعيّة، والتي تَضمن حماية واحترام كامل حقوق المُهاجرين. ووفقاً للتّعداد العامّ للهجرة عام 2013م وصلَ عدد المُهاجرين من دولهم الأصليّة إلى 247 مليون نسمة.,8
توجدُ مجموعةٌ من الأسباب التي تُؤدّي إلى الهجرة، وهي:,3
تترتّبُ على الهجرة مجموعةٌ من النّتائج، وهي:,1
هي مجموعةٌ من النّتائج التي تُؤثّر على الدّول المُستقبِلة للمُهاجرين بشكلٍ مُباشر؛ إذ تساهمُ في التّغيير من الواقع السياسيّ العام، وتفرضُ ضمّ المهاجرين إلىعن طريق منحهم العديد من الامتيازات الخاصّة بالمواطنين العاديين ممّا يُؤدّي إلى التّأثيرِ علىالسّائد في الدّول، وجعلها أكثر قدرةً على تقبُّلِ دمج المُهاجرين ضِمن سُكّانها.,3
هي من أكثر النّتائج تأثيراً على الدّول التي تستضيفُ المُهاجرين؛ إذ يتأثّرُبشكلٍ ملحوظٍ مع زيادةِ أعداد المُهاجرين، والتي تظهرُ نتائجها على ارتفاع نسبة الطّلب على الموادّ الأساسيّة، والذي يُؤدّي في النّهاية إلى زيادةِ حاجة الدّول إلى توفير دعمٍ اقتصاديّ، عن طريق الاعتمادِ على المُساعدات الخارجيّة من الدّول الأُخرى، والتي تُساهمُ في دعمِ اقتصاد الدّول المُستضَيفة للمُهاجرين، من أجل تحمُّل نفقات استقبالهم، وخصوصاً إذا كان السُكّان من ذويالمحدود في تلك الدّول فسوف يتأثّرون تأثيراً سلبيّاً بالتغيُّرات الاقتصاديّة التي ترافقُ الهجرة.,3
تقسمُ الهجرةُ إلى مجموعةٍ من الأنواع، ومنها:,10
يسعى الأفراد عموماً في البحث عن حياةٍ أفضل، لذلك يختارُ مُعظمهم الهجرة إلى دولٍ وأماكنٍ جديدة تُساعدهم على تحسين مُستوى حياتهم المعيشيّ، أو للهروب من الاضطرابات السياسيّة، ولكن قد تُشكّلُ الهجرة مجموعةً من الآثار على المهاجرين والدّول التي يتوجّهون لها، فتُوثّرُ الهجرةُ على بعضِ الأفراد من خلال صعوبة تأقلُمِهم مع طبيعةِ الحياة في البلد الجديد، وخصوصاً مع ظهور الاختلافات الثقافيّة والاجتماعيّة، وأيضاً لا يجد الكثير من المهاجرين سوى الأعمال الصّعبة للعمل بها، والتي تستغرقُ ساعات عملٍ طويلة، وأجورٍ مُنخفضة، وظروف عمل صعبة.,7
تؤثرُ الهجرة على الدّول ذاتالمُرتفعة، ممّا يُؤدّي إلى زيادةِ مُعدّلات، وظهورُ العديد من النّتائج السياسيّة والاقتصاديّة التي تُؤثّرُ سلباً على مُعدّلاتِ الدّخل العام في الدّولة، لكن يُعتبرُ هذا التّأثير مُتبايناً ويعتمدُ على قياس الأوضاع الاقتصاديّة والسياسيّة بين البلدان؛ فالدّول التي تتميّزُ باستقرارٍ اقتصاديّ وسياسيّ هي الأفضلُ لاستقبال المُهاجرين.,10
تُقسمُ الهجرةُ إلى مجموعةٍ من الأنواع، ولكلّ نوعٍ منها تأثيرٌ مختلفٌ على المُهاجرين؛ إذ تعتبرُالداخليّة من أقلِّ أنواع الهجرة تأثيراً مُقارنةً بالهجرةِ الخارجيّة التي تحتاجُ إلى نفقات ماليّة مُرتفعة، وفي حال عدم التمكّن من تأمين المبلغ الماليّ المُناسب للهجرة يتمُّ اللّجوء إلى الهجرة السريّة التي تكونُ غالباً بطُرقٍ غير شرعيّة، وتعود بالكثير من النّتائج السلبيّة على المهاجرين.,6
للتعرف على المزيد تابع الفيديو,2
تم الإرسال بنجاح، شكراً لك!,5
تركّز الهجرة في كثيرٍ من الأحيان على الأغراض المتعلّقة بالعمل والعمالة؛كهجرة العمالة الفنية وغيرها من أشكال العمالة إلى الدول القادرة على توفير فرص عمل مناسبة وبدخلٍ مرتفعٍ نوعاً ما؛حيث ينتقل الأفراد إلى الدول الأخرى للإقامة فيها فترة من الزمن أو للإقامة الدائمة فيها، وتجدر الإشارة إلى أن للهجرةكبيرة على الدول المستقبلة للمهاجرين من عدّة نواحي اجتماعية واقتصادية وثقافية،كما يجدر بالذكر أنه يوجد عدّة أنواع للهجرة يمكن تصنيفها بالاعتماد على الآتي:,3
يُمكن تصنيفاعتماداً على المكان الذي ينتقل إليه الفرد إلى نوعين، وهما الهجرة الداخلية والهجرة الخارجية،ويبين الآتي وصفاً لكلٍّ منهما:,4
تعرّف الهجرة الداخلية (بالإنجليزيّة: Internal Migration) على أنّها انتقال الأفراد من مكانٍ إلى آخر داخل حدود الدولة،ويُمكن تقسيمها إلى عدّة أنواع، وهي على النحو الآتي:,7
يوجد العديد من الدوافع التي تؤدي إلى الهجرة الداخلية، ويُعدُّ حجم الدولة من أبرز تلك الدوافع؛ حيث إنّ الهجرة الداخلية تزداد بزيادة حجم الدولة ومساحتها، وكلّما كانت متباينة في جغرافيتها، وفي حال كانت متعددة الأقاليم، ومن أهم الأمثلة على الهجرات الداخلية التي شهدها العالم في العصر الحديث: الهجرات الداخلية في الاتحاد السوفيتي سابقا والهجرات الداخلية في الولايات المتحدة.,1
تُعدُّ(بالإنجليزيّة: External Migration) من أكثر أنواع الهجرة البشرية شيوعاً، وتُعرَّف على أنّها انتقال فرد واحد أو عدّة أفراد من دولة إلى دولة أخرى،ويزداد نطاق ظاهرة الهجرة الخارجية أو ما يُعرف بالهجرة الدولية مع الوقت ممّا ينعكس على زيادة تعقيداتها وتأثيراتها على الدول، ويُمكن اعتبارها بأنّها أصبحت سِمة تميّز العالم الحديث و تقود به نحو العولمة.ويوجد العديد من الدوافع التي تؤدي إلى الهجرة الخارجية ومن أبرزها ما يأتي:,1
يُمكن تصنيف الهجرة اعتماداً على إرادة الشخص الذي يريد أن يهاجر إلى نوعين، وهما الهجرة الإرادية أو الطوعية والهجرة القسرية أو الجبرية،ويبين الآتي وصفاً لكلٍّ منهما:,3
تُعرّف الهجرة الإرادية أو(بالإنجليزية: Voluntary Migration) على أنّها الهجرة التي تتم على أساس الاختيار الحُر للفرد، وإرادته الحرّة؛ إذ ينتقل الفرد من مكان إقامته إلى مكانٍ آخر لأسباب متنوعة، ويتم ذلك بعد دراسة العوامل المتوفرة في الدولة المُراد الهجرة إليها التي تجذبه للهجرة والمعروفة بعوامل السحب، والعوامل التي تدفعه لترك مكان إقامته والمعروفة بعوامل الدفع، ومقارنتها معاً وبعدها يتم اتخاذ قرار الهجرة، وتعدُّ الرغبة في تحسين وضع الفرد الاقتصادي من خلال الحصول على فرص عمل أفضل من أهم العوامل التي تدفع به إلى الهجرة الطوعية، بالإضافة إلى العديد من الأسباب، ومنها ما يأتي:,6
تُعرّف الهجرة غير الطوعية أو الهجرة القسرية (بالإنجليزية: Forced Migration) على أنّها الهجرة التي يضطر فيها الفرد أو مجموعة من الأفراد إلى الفرار من منازلهم وترك أماكن إقامتهم هرباً من الأحداث التي تهدّد سلامتهم وحياتهم والانتقال إلى أماكن أخرى أكثر أماناً،ويُعدّ اللاجئين من أبرز الأمثلة على الأفراد الذين تعرّضوا للهجرة القسرية، ويوجد العديد منالتي تؤدي إلى الهجرة القسرية ومن أبرزها ما يأتي:,4
يُمكن تصنيف الهجرة اعتماداً على الزمن الذي تستغرقه الهجرة إلى نوعين، وهما الهجرة الدائمة والهجرة المؤقتة،ويبين الآتي وصفاً لكلٍّ منهما:,4
تُعرّف الهجرة الدائمة (بالإنجليزية: Permanent Migration) على أنّها انتقال الأفراد من مكان إقامتهم وتركه نهائياً دون العودة إليه والذهاب إلى مكانٍ آخر والاستقرار فيه، لِذا يُرافق ذلك النوع من الهجرة تغييراً كاملاً يشمل جميع نواحي حياة الأفراد المهاجرين.,7
تُعرّف الهجرة المؤقتة (بالإنجليزية: Temporary Migration) على أنّها انتقال الأفراد من مكان إقامتهم إلى مكانٍ آخر بشكلٍ غير دائم؛ إذ يتم تحديد فترة زمنية للهجرة، وتنتهي بانتهاء الغرض الذي تمّت الهجرة لأجله،ويرتبط بهذامن الهجرة ما يُعرَف باسم المهاجرين العائدين؛ وهم المهاجرين الذين يرتبطون بموطنهم الأصلي بروابط اجتماعية أو اقتصادية أو بغيرها من الروابط، ممّا يدفعهم إلى العودة إلى الوطن بين حينٍ وآخر،ويوجد العديد من الأسباب التي تؤدي إلى الهجرة المؤقتة ومن أبرزها ما يأتي:,5
ولمعرفة مزيدٍ من المعلومات حول ظاهرة الهجرة، يمكنك قراءة مقال.,1
تم الإرسال بنجاح، شكراً لك!,4
تُعرّفعلى أنّها الحَركة الانتقاليّة الجغرافيّة للسُكّان من منطقة ما إلى أُخرى، بغضّ النظر عن طَبيعة العوامل المؤدية لذلك، أو طبيعة المسافة المقطوعة، وتَتضمّن جميع الحركات الانتقاليّة للسكان عدا الحركات الانتقاليّة ذات الطبيعة اليومية أو الموسمية التي لا تهدف إلى تغيير مكان الإقامة مثل:,3
بأنواعها عدة أسباب، وهي كالآتي:,4
توجد للهجرة ثلاثة أنواع، وهي كالآتي:,7
تُعرف الهجرة الداخلية على أنّها الانتقال الجغرافي للسكّان بين المُحافظات التابعة للدولة، وتتضمّن أيضاًالريفيّة، ويُقصد بها انتقال السكّان منإلى. يَشهد العَالم هجراتٍ داخليةٍ على مستوى أكبر من الهجرات الخارجية وذلك للأسباب الآتية:,8
توجد للهجرة الداخلية أنواع عدة، أبرزها:,8
يُقصَد بها الانتقال الجغرافي للسكّان دوليّاً، أي من دولةٍ إلى أُخرى من خلال الحُدود السياسيّة لها؛ بهدف الاستقرار الدائم أو العمل وبناء الثروات وغيرها من الأهداف، بغضّ النظر عن المسافة المقطوعة سواءً كانت بضعة كيلومترات أو آلاف الكيلومترات؛ إذ لا تُصنّفدوليّةً أم لا اعتماداً على طول المسافة المقطوعة.,8
تعني الهجرة المؤقّتة انتقال السكّان من مكانٍ إلى آخر لفترةٍ مُعيّنة من الزمن، ثمّ رجوعهم إلى موطنهم الأصليّ، ويندرج تحت هذا النوع من الهجرات هجرة الأيدي العاملة والانتقال الموسميّ لبعض السكّان. يُمكن ضمّ هذا النوع منإلى أحد النوعين السابقين، فتتضمّن الهجرة الداخليّة انتقالبين المحافظات، كما يُمكن أن تتضمّن الهجرة الخارجية انتقالهم دوليّاً.,6
هي انتقال الطلاب وأصحاب المواهب والأطباء والمهندسين للدراسة في بلادٍ غير بلادهم تُوفّر لهم بيئةً مناسبةً للتميّز والإبداع؛ حيث يذهب بعض الطُلّاب ليُتمّوا دراستهم في دُولٍ أُخرى بهدف العودة إلى أوطانهم وإفادتها بعلومهم التي اكتسبوها، ولكنّ العديد منهم لا يرجعون لما يَجدونه من إمكانيّاتٍ وفرصٍ أفضل في الدول المُهاجَر إليها.,1
للهجرة آثار كبيرة على كلٍّ من الفرد والمجتمع تتنوع بين إيجابيّة وسلبيّة، ومنها:,8
للتعرف على المزيد تابع الفيديو,5
تم الإرسال بنجاح، شكراً لك!,1
يُمكنبأنّها انتقال الأشخاص من بلدهم إلى بلد آخر غير موطنهم الأصلي لا يحملون جنسيته بهدف الاستقرار والإقامة فيه بشكل دائم أو بهدف الحصول على جنسية ذلك البلد،وقد أثمرت الهجرات عبر التاريخ عن فوائد اجتماعية واقتصادية وثقافية عديدة تعود على الدول، حيث إنّ هذهكانت إحدى أسباب تطوّر المجتمعات واندماج الحضارات والثقافات، فالعديد من الدول الحديثة نشأت من حركات الهجرة التي أدّت إلى اختلاط العديد من الأعراق والثقافات وتكوين نسيج مجتمعي واحد،وتُعتبر الدول النامية من أكثر الدول استقبالاً للمهاجرين حيث إنّها تحتضن ثلث مهاجري العالم، فقد سجّلت منظمة الهجرة الدولية في عام 2017م وحده ما يُقارب 285 مليون مهاجر.,8
تختلف الأسباب التي تدفع الأفراد للهجرة من موطنهم إلى دولة أخرى، ويُمكن تصنيف هذه الأسباب كالآتي:,7
يُمكن تصنيفإلى قسمين رئيسيين يُحدّدان شكل الهجرة واتجاهها، وهما كالآتي:,3
ولمعرفة مزيدٍ من المعلومات حول أسباب الهجرة، يمكنك قراءة مقال.,10
هناك عدّةتعتمد على تدفّق المهاجرين، وأعدادهم، وأسباب هجرتهم، ووقت وطبيعة حركتهم، وهي كالآتي:,1
ولمعرفة مزيدٍ من المعلومات حول أنواع الهجرة، يمكنك قراءة مقال.,3
تتنوّع آثار الهجرة على الدول المرسِلة والدول المضيفة بين آثار إيجابية وسلبية، فقد أثبتت الدراسات أنّ للهجرة فوائد عائدة على الشركات المرسِلة والشركات المستقبلة، لكّنها قد لا تكون كذلك بالنسبة لسكّان الدولة المضيفة ذوي المهارات المحدودة إذ ستزداد المنافسة على فرصهم من قِبل المهاجرين الجدد، لكنّ الهجرة بشكل عام تُساهم في رفع الناتج المحلي الإجمالي العالمي، حيث لاحظ مختصّون أنّ تسهيل إجراءات الهجرة وإزالة الحواجز أمام المهاجرين يرفع الناتج المحلي الإجمالي العالمي بنسبة 67% إلى 147%.,2
تتنوّع آثار الهجرة على الدولة المضيفة ما بين آثار إيجابية وأخرى سلبية كالآتي:,8
تتنوّع آثار الهجرة على الدولة المرسِلة ما بين آثار إيجابية وأخرى سلبية كالآتي:,6
ولمعرفة مزيدٍ من المعلومات حول آثار الهجرة، يمكنك قراءة مقال.,8
تم الإرسال بنجاح، شكراً لك!,9
يُمكن تعريف المهاجِر (بالإنجليزيّة: Migrant) وفقاً للمنظمة الدولية للهجرة (بالإنجليزية: International Organization for Migration) اختصاراً (IOM) بأنّه أيّ شخص ينتقل من مكان إقامته إلى مكان آخر داخل دولته أو خارجها عبر الحدود الدولية، وبغض النظر عن حالته القانونية، أو مدّة إقامته في المكان الجديد، أووالعوامل التي دفعته للهجرة، أو إذا كانتأو تمّت بشكل قسريّ،وبشكل عام يُمكن تقسيم العوامل التي تؤثر في قرارات الناس في الهجرة إلى فئتين، وهما ما يأتي:,9
وفيما يأتي أبرز الأسباب التي تدفع الأشخاص إلى الهجرة:,7
وفقاً للعديد من الدراسات، تُعدّ العوامل الاقتصادية الناتجة عن: انخفاض الدخل، والبطالة، والبطالة المقنعة، والفقر أهمّ الأسباب التي تدفع الأشخاص -وخاصة في الدول النامية- إلىإلى مناطق مزدهرة بحثاً عن فرص اقتصادية أفضل، سواءً أكانت الهجرة داخلية أم خارجية، وتُصنّف العوامل الاقتصادية إلى الآتي:,5
يُعدّ الاختلاف في معدلات الزيادة السكانية بين المناطق المختلفة في الدولة نفسها من العوامل المهمة التي تدفع الأشخاص إلى الهجرة الداخلية، ففي حال كان معدّل الخصوبة للمناطق الريفية أكبر من المعدّل الطبيعي، وكانت الزيادة في عدد سكانها مرتفعة فإنّ ذلك يدفع الأشخاص إلى الهجرة من الريف إلى المدينة، ومن العوامل الديموغرافية المهمة الأخرى ما هو آتٍ:,4
يوجد العديد من العوامل الاجتماعية والثقافية التي تلعب دوراً مهماً في الهجرة، ومنها ما يأتي:,1
يوجد العديد من العوامل الاجتماعية السياسية التي تلعب دوراً مهماً في الهجرة، ويُمكن تقسيمها إلى:,2
يوجد العديد من العوامل الأخرى التي تُساهم في الهجرة الداخلية أو، وفيما يأتي بعضها:,7
يوجد العديد من الآثار الناتجة عن الهجرة، وفيما يأتي بعضها:,5
تنعكس آثار الهجرة الاقتصادية على كلّ من البلد المُضيف والبلد المُرسِل كما سيتمّ ذكره:,8
تنعكس آثار الهجرة الصحية على كلّ من البلد المُضيف والبلد المُرسِل كما يأتي:,9
فيما يأتي ذكر لبعض الآثار الأخرى التي تنتج عن الهجرة:,5
ولمعرفة مزيدٍ من المعلومات حول ظاهرة الهجرة، يمكنك قراءة مقال.,10
للتعرف على المزيد عن موضوع الهجرة وأسبابها ونتائجها، يرجى متابعة الفيديو الآتي.,10
تم الإرسال بنجاح، شكراً لك!,6
هي انتقال المسلم من مكانٍ إلى مكانٍ آخرٍ، فينتقل من بلاد الكفر التي لا يستطيع فيها إقامة الدين وأحكامه فيها، ويخاف على عرضه وأهله، وتطبيق شعائر دينه، إلى بلدٍ آخر يأمن فيها على أهله وماله ويستطيع أن يقيم شعائر دينه دون انتقاصٍ، أو اعتراضٍ، أو غير ذلك، وهذا النوع هو ما.,8
هو ما ذكره النبيّ -صلّى الله عليه وسلّم- في قوله:(والمهاجرُ من هجر ما نهى اللهُ عنه)،وهذا من أعظم معاني الهجرة؛ أن يهجر العبد المحرّمات، والمنكرات من الأقوال والأفعال، والوقوف عند حدوده وأوامره، وهذا النوع من الهجرة يشمل ضمنياً النوع الأول منها، فالمسلم مأمورٌ أن يترك أرضاً وخَلقاً لا يعينونه على طاعة الله، ولا يحقق بينهم الأمن والهناء، ويتركهم لغيرهم من أهل الدين والتقى.,1
إنّ حكم الهجرة في الإسلام من بلد مسلم إلى بلاد الكفار جائز لمن أمن الفتنة في دينه، واستطاع إظهار شعائر دينه، إلا أنّ الأفضل الإقامة في بلاد المسلمين.,4
ذكر أهل العلم بعض الصفات التي يتحلّى بها مبتغي الهجرة بين يدي الله ورسوله، فيما يأتي ذكرٌ لبعض صفات المهاجر الحقيقيّ لله -تعالى-:,5
، بل إنّ أنواع الهجرة المشروعة في الإسلام كثيرة، منها الهجرة لطلب العلم، أو طلب الرزق، أو الهجرة سياحةً في الأرض من أجل المتعة و الترفيه، أو زيارة الأماكن المقدّسة والتاريخية، وقد تكون الهجرة للحجّ في سبيل الله، وهناك الهجرة للجهاد في سبيل الله، وهو أعلى مراتب الهجرة وأكرمها عند الله تعالى.,8
تم الإرسال بنجاح، شكراً لك!,2
الهجرة هي انتقال النّاس من مكان إلى آخر، بهدف البحث عن معيشة أفضل، وفرص عمل، وحياة أكثر تقدمًا، وقد يرى كثير من الشباب أنّ الهجرة تعتبر بارقة أمل لهم، من أجل الدراسة في الخارج، أو البحث عن وظيفة، أو الحصول، على مكانة مرموقة خارج أوطانهم، ولكنهم لا يعلمون أن في هجرتهم تلك، خسارة للكفاءات، التي يمكنها بناء وطنهم.,5
يمكن لتلك الكفاءات إمداد وطنهم بالخبرات والمهارات اللازمة، في حال وجدوا الدعم الكافي، الذي يمكنهم من الحصول على وظائف مرموقة، تمنحهم الدعم المادي الكافي، الذي يكون من شأنه تنمية خبراتهم وقدراتهم، لا تركهم يعانون من الحاجة وهم بالكاد يملكون قوت يومهم، علمًا أنهم الفئة القادرة على رفد الوطن، ودعمه، والرفع من شانه بين البلدان.,8
، التي قد تنتج عنها؛ جرّاء ترك الوطن، والذهاب إلى أماكن بعيدة؛ من أجل البحث عن حياة أفضل وتكمن ضرورة الهجرة، في إيجاد عمل مناسب والحصول، على مرتّب أكبر من الذي يحصل عليه داخل وطنه، كما تتيح الهجرة للشخص، الحصول على فرص عمل أكثر تقدمًا.,7
ويسعى كثيرٌ من الشباب، نحو الحصول على فرص، للزواج من بيئات مختلفة وتكوين أسرة وأبناء، ويستطيع الطلاب الذين يحصلون على علامات متدنية، في امتحان شهادة الثانوية العامة، الحصول على فرص تعليم ضمن الاختصاصات، التي يرغبون فيها وذلك؛ لأنّ أدنى معدل قبول جامعي في وطنه، قد لا يسمح له بدراسة الاختصاص الذي يرغب.,8
تعتمد كثير من الدول، علامات متوسطة: من أجل إتاحة الفرصة للطلاب؛ لدراسة كل ما يرغبون به، وفي هذا النظام فرصة كبيرة للطالب، للحصول على شهادة جامعية، وتخصص مرموق، في حال حصل على علامات متدنية، كما أن العديد من الفتيات يقمنَ بالهجرة، من أجل الدراسة، والحصول على فرص تعليمية أفضل.,9
من أجل البحث عن شريكة، وكثير من الشباب يرغبون في الزواج، من المرأة الأجنبية، أو من أي دولة أخرى، تاركين وراءهم قيمهم وعاداتهم وتقاليدهم، والعديد من الفتيات المناسبات للزواج، ولكن حب المغامرة يدفعهم نحو السفر للخارج، وفي هذه الحالة، يصبح هناك نسبة مرتفعة من العنوسة، لدى الفتيات.,5
قد تحدث خلافات كثيرة في ما بين الطرفين، بسبب التباين في العادات والتقاليد بين البلدين، وبالتالي ينجم عنها، مشكلات متعددة منها: الطلاق الذي يُخلِّف وراءه أطفالًا يعيشون بلا أم أو بلا أب، وبالتالي أسرة مفككة، لا يصلُح فيها تربية الأبناء، حتى إنه قد يتم حرمان أحد الأبوين، من أبنائه؛ بسبب قوانين تلك البلد؛ فتعيش الأسرة كاملة في حالة، من الشتات والبؤس.,4
كثيرًا ما يهاجر أبناء البلد، التي تحدث فيه مشكلات وحروب أهلية ونزاعات، أو عدوان خارجي من بلدان أخرى٬ إذ يُهاجر أبناء المناطق التي تكثر فيها: الزلازل، و البراكين، من أجل الحفاظ على أرواحهم والنجاة بأبنائهم وهذه الهجرة تكون مفيدة وكفيلة بحماية الأسرة والتخفيف، من وطأة الحروب عليهم.,5
يصعب العيش في البلدان، التي لا يجد فيها الناس الأمان، ولا يشعرون فيها بالراحة، ولا يجدون فيها حياة كريمة فتكون هجرتهم من أجل البحث عن حياة أفضل، ولكن ينبغي على المهاجرين العودة إلى أوطانهم، في حال انتهت الحرب، أو تم بناء بيوتهم، جراء الزلازل والبراكين، إذ لا يجب البقاء خارج الوطن، وإنما عليهم العودة، من أجل إعمار الوطن.,6
ونحن نرى أنّ الهجرة، من الأمور التي قد يحتاجها المرء، في كثير من الأحيان ولكن هنالك العديد من المشكلات، التي تنتج عن ترك البلدان، وتكون ذات عواقب وخيمة مثل: انعدام وجود مهارات عالية، وترفع من شأن البلد، وتساهم في إعماره٬ وعندما يهاجر الطلاب إلى خارج بلادهم؛ من أجل الدراسة، فقد لا يرغبون في العودة إلى بلدانهم مرة أخرى.,9
كثيرٌ من المهاجرين تحلو لهم الحياة في الخارج ويحصلون على عمل ويعتادون على نمط حياة مختلف، وبالتالي تصبح الكثير من الكفاءات والخبرات تعمل في غير موضعها مما يعود بالخسارة الكبيرة على الوطن، وتعتبر هجرة الأطباء والمهندسين خسارة كبيرة إذ لا يعود هناك أطباء ماهرون يمكنهم إجراء العمليات الجراحية الصعبة أو القيام بعلاجها.,7
يضطر الكثير من المرضى الذين يحتاجون إلى خبرات عالية ومتقدمة، إلى السفر للخارج وتحمل تكاليف إضافية من أجل البحث عن الطبيب الملائم والذي يخلصهم من أمراضهم وأوجاعهم وفي ذلك خسارة كبيرة للوطن وأبناءه، وقد يحتاج الطبيب المهاجر إلى سنوات طويلة حتى يتمكن من العودة وقد لا يعود نهائيا، ويفضل البقاء في الخارج لتوافر الفرص العظيمة.,7
قد يسافر العديد من الطلاب إلى دول أخرى من أجل نيل شهادة الدراسة الجامعية في تخصص يرغبون به ولكن عندما يعودون إلى أوطانهم لا يجدون قبولا بسبب الشهادة التي قد لا يعتمدها النظام التعليمي أو العمل في تلك البلد، وبالتالي سيضطر الطالب إلى العودة حيث كان والعمل في الخارج ضمن شهادته التي حصل عليها من تلك الدولة.,9
بعد عودة الطالب إلى موطنه قد يجدُ أنّ عمره قد ضاع هباءً في دراسة تخصص غير مقبول، ولكن لا يمكن التعميم؛ إذ إنّ هنالك الكثير من الجامعات في الخارج، التي تُعطي الطالب شهادات جامعية: ضمن اختصاصات مطلوبة في الدول كافة، وبالتالي تكون شهادته أفضل من أي شخص آخر درس داخل الوطن.,7
بعد القيام بمختلف التدابير، التي تمكنهم من الحصول على شهادة، أو عمل أو فُرص في أوطانهم، تأتي الهجرة فرصةً؛ من أجل تحسين أوضاعهم، ومستوى معيشتهم، وكثيرًا ما يأتي قرار الهجرة في الوقت الذي يكون الإنسان فيه، قد يئسَ من إيجاد حلول لمشاكله؛ فيلجأ للهجرة التي قد تكون ضرورية، بخاصّة: في حالات الحروب، والنزاعات، والكوارث الطبيعية.,8
يمكن اعتبار أنّ الهجرة، فرصة سانحة؛ للنجاة ممّا قد يواجه الانسان في موطنه، وهنا يتوجب على الدولة توفير البيئة الملائمة للمواطنين، إلى جانب الفرص الكافية في مجالات: الدراسة والعمل، وحتى تسهيل سبُل الزواج على الشباب والفتيات، بتقديم الدعم المادي والمعنوي، من خلال الجمعيات والمراكز، التي تُعنى بدعم الشباب.,8
تم الإرسال بنجاح، شكراً لك!,6
يوجد العديد من الآثار الإيجابيةالتي تعود بها الهجرة على البلد المُضيف، ومنها:,1
تحظى الدول التي يغادرها أفرادها بقصد الهجرة بالعديد من الآثار الإيجابية، إذ تؤدّي الهجرة إلى التخفيف من نسبة البطالة فيها، وذلك بسبب هجرة أعداد من العمّال منها، وهذا بدوره يؤدّي إلى زيادة دخل العمال الباقين فيها، ومن جهةٍ أخرى فإنّ العمّال المهاجرين سيرسلون مبالغ مالية إلى أسرهم في بلدهم الأصلي، ممّا يساهم في تحسين مستوى المعيشة لتلك الأسر، وبالتالي رفع المستوى الاقتصادي للدولة.,9
بالرغم من الآثار الإيجابية التي تتركها الهجرة على البلد المُضيف، إلّا أنّه قد ينتج عنها بعض السلبيات التي تنعكس عليه، وفيما يأتي بعض من تلك السلبيات:,8
بالرغم من الآثار الإيجابية التي تتركها الهجرة على البلد الذي يغادره بعض أفراده، إلّا أنّها قد تعود أيضاً ببعض السلبياتالتي تنعكس عليه، وفيما يأتي أهمّ تلك السلبيات:,4
ولمعرفة مزيدٍ من المعلومات حول ظاهرة الهجرة، يمكنك قراءة مقال.,8
تُعرّف(بالإنجليزيّة: Immigration) بأنّها انتقال الأفراد من بلدهم الأصلي إلى بلدٍ آخر من أجل الاستقرار والعيش فيه، وهناك العديد من العوامل التي تدفع الفرد إلى الهجرة، وتشمل العوامل الاقتصادية؛ كالرغبة في الحصول على فرص عمل أفضل، ومستوى دخل أعلى، وتحسين مستوى المعيشة، والحصول على مستوى جيدٍ من التعليم، إضافةً إلى العوامل غير الاقتصادية، كالتعرّض للاضطهاد الديني أو العرقي، أو نتيجة الاضطرابات السياسية، أو حدوث الكوارث الطبيعية، ويجدر بالذكر أنّ تطوّر وسائل النقل والتكنولوجيا أدّى إلى انتشار الهجرة بشكل كبير بين دول العالم.,1
تم الإرسال بنجاح، شكراً لك!,9
يوجد مجموعة من النقاط تتحدث عن آثار الهجرة بالنسبة للفرد ومن هذه الآثار:,6
من أبرز النقاط التي تتحدث عن الآثار الإيجابية للهجرة التي تؤثر على الفرد بشكل عام ومنها:,5
قد تؤثر الهجرة سلباً على حياة الفرد ومن هذه الآثار ما يأتي:,8
يوجد هناك نقاط تتحدث عن آثار الهجرة بالنسبة للمجتمع ومن هذه الآثار:,3
هناك عدة جوانب إيجابية للهجرة تؤثر على المجتمع، فسوف يتم ذكر بعض منها:,1
هناك مجموعة من الآثار السلبية للهجرة تؤثر على المجتمع ومنها:,3
هي عبارة عن انتقال الأفراد من مكان إلى آخر بحثاً عن فرص عمل مناسبة أو قد تكون بسبب الدراسة، وقد تواجه بعض الأفراد مجموعة من المشاكل كالهروب من الصراع أو الإرهاب أو انتهاكات حقوق الإنسان، أو قد يواجه الفرد مجموعة منأو تغير في المناخ، بالإضافة إلى وجود هجرة داخلية والتي تكون عن طريق تنقل الأفراد والعائلات من منطقة لمنطقة داخل الدولة أما الهجرة الخارجية فهي عملية التنقل عبر حدود دولية؛ أي بمعنى تنقل الفرد من دولة لدولة أخرى، وقد يكون هناك هجرة طوعية والتي تكون بهدف إيجاد فرصة عمل جيدة.,5
تم الإرسال بنجاح، شكراً لك!,2
تكون الهجرة إلى الله بفعل الطاعات وترك ما نهى الله عنه، وذكر ابن قيم الجوزية إنّ المُهاجر إلى الله يُهاجر بقلبه من محبة غير الله -عزّ وجلّ- إلى محبته وحده، ومن الخوف من غير الله إلى الخوف والرجاء من الله تعالى، ومن سؤال ودعاء غير الله إلى التوجهوالسؤال إلى ربه عزّ وجلّ، وعلى المسلم الاجتهاد بفعل النوافل وترك كل ما حرّمه الله تعالى، ويحرص على عمارة قلبه وإصلاحه، وحسن الظنّ بالله،ومن هاجر إلى الله يستحي في جميع أحواله من الله؛ لأنّه يعلم أنّ الله مُطّلعٌ عليه فيُشغل نفسه بطاعة الله وحفظ جوارحه ممّا حرّمه الله تعالى، ويحرص على تلاوة كتاب الله وتدبُّره، ويُطبّق ما جاء به من أحكامٍ.,10
من أنواع الهجرة هجر وترك العصاة من المنافقين، والمشركين، والكفار، ويكون ذلك بالابتعاد عنهم، ومن الهجرة كذلك ترك الأعمال السيئة، والأخلاق الذميمة، وهجر الفسق والنفاق والكفر، ومن أعظم أنواع الهجرة: هجرة القلوب إلى الله؛ بأن يُخلص المسلم في عبادته لله تعالى، ولا يقصد من أي فعلٍ أو قولٍ إلّا وجه الله تعالى، ويحبّ من يحبه الله، ولا يحب إلّا الله عزّ وجلّ.,7
عرّف الجوهري الهجر بأنّه ضد الوصل، والهجرة من أرضٍ إلى أرضٍ أخرى فيترُك الأولى، والتهاجُر هو التقاطُع، ويُوجد هجرتان: هجرةٌ للحبشة، وهجرةٌ إلى، أمّا الهجر شرعاً: هو ترك ما هو مُنكر ومنه الهجرة من دار الكفر لدار الإسلام، والمعنى الثاني للهجر شرعاً: هجر أهل المُنكر، بهدف التّعزير أي على وجه التأديب، ويُثاب الهاجر على ذلك؛ لأنّه من أجل الله تعالى، وقد قام النبي -صلى الله عليه وسلم- بهجر الصحابي كعبٌ وأصحابه وأمر صحابته بهجرهم لعدم خروجهم مع النبي صلى الله عليه وسلم، وكان لهذا الهجر أثرٌ كبيرٌ.,10
تم الإرسال بنجاح، شكراً لك!,10
لغةً بمُطلق الترك، أما اصطلاحاً فقد عرّفها ابن الأثير بأنّها مُفارقة وترك الشخص للأهل والوطن والذهاب إلى بلاد الإسلام ابتغاء وجه الله -تعالى-؛ ابتعاداً عن الفتنة، ولنيل الأجر والثواب، وقد يكون الترك حسّياً أو معنوياً، فالهجرة الحسيّة؛ كترك الإنسان لدياره والبلاد التي يكون فيها مُستضعفاً، فقد جاء في القرآن الكريم قول الملائكة وهي تُعاتب الشخص الذي لا يُهاجر وهو مُستضعفٌ مع أنه قادرٌ على ذلك، فقال -تعالى-:(إِنَّ الَّذِينَ تَوَفَّاهُمُ الْمَلَائِكَةُ ظَالِمِي أَنْفُسِهِمْ قَالُوا فِيمَ كُنْتُمْ قَالُوا كُنَّا مُسْتَضْعَفِينَ فِي الْأَرْضِ قَالُوا أَلَمْ تَكُنْ أَرْضُ اللَّهِ وَاسِعَةً فَتُهَاجِرُوا فِيهَا فَأُولَئِكَ مَأْوَاهُمْ جَهَنَّمُ وَسَاءَتْ مَصِيرًا)،أمّا الهجرة المعنويّة؛ فهي كالهجرة لله والرسول، مثل هجرة المُسلمين إلى الحبشة، وتُعدّ هجرةً حسّيّة ومعنويّة في نفس الوقت، وإذا أُطلق لفظ الهجرة على العموم فيكون المقصد منه هجرة النبي -عليه الصلاة والسلام- وصحابته من مكة إلى المدينة،وفيما يأتي في هذا المقال ذكرٌ لأنواع الهجرة.,3
آذى المشركون المسلمين كثيراً، وبعد أن استمرّ المُشركون في القسوةِ على المُسلمين وإيذائهم، أخذوا يُفكّرون في خُطَّةٍ تُنجيهم من ذلك، وكانت سورة الكهف قدْ نزلت، وأشار الله -تعالى- فيها إلى جواز ترك المُسلم لبلاده والهجرة منها عند الفتنة والأذيّة، ثُمّ أنزل الله -تعالى- آياتٍ من سورة الزُمُر تؤكّد هذا المعنى، قال فيها -سبحانه-:(لِلَّذِينَ أَحْسَنُوا فِي هَذِهِ الدُّنْيَا حَسَنَةٌ وَأَرْضُ اللَّهِ وَاسِعَةٌ إِنَّمَا يُوَفَّى الصَّابِرُونَ أَجْرَهُمْ بِغَيْرِ حِسَابٍ)،وعلِم النبي -عليه الصلاة والسلام- أن النّجاشيّ ملكمَلِكٌ عادل لا يَظلِم أحداً، فأشار على أصحابه بالهجرة إليه وإلى بلاده؛ ليجدوا مخرجاً من تعذيب المُشركين لهم، وكان عددهم أحد عشر رَجُلاً، وأربَعَةُ نِساء، فخرجوا إلى الحبشة، وكانت أولُ هِجرَةٍ في الإسلام، وكانت في السنة الخامسة من بعثة النبي -عليه الصلاة والسلام-.,1
أَذِنَ الله -تعالى- لرسوله وللمُسلمين بالهِجرة من مكة إلى المدينة؛ وذلك لِما وقع عليهم من البلاء والعَذاب من أهل مكة، وفِراراً بدينهم، ولوجود من يُناصِرَهم من أهل المدينة بعد بيعة العقبة الثانيّة، فهاجر بَعض المُسلمين إلى، ورجع بعضهم من الحبشة إلى المدينة، ثُمّ تجهّز أبو بكرٍ -رضي الله عنه-؛ لِيُهاجر مع النبي -عليه الصلاة والسلام-، وكان أوّلُ المُهاجرين أبو سلمة بن عبد الأسد وامرأتُه أُمُّ سلمة بعد أن آذته قُريش بسبب هجرته إلى الحبشة، ولكنّهم منعوا زوجته من الهِجرَةِ معه، فلحقت به بعد ذلك بسنة، وبدأ الصحابة بالخُروج جماعاتٍ، حتى لم يبقَ منهم إلا النبي -عليه الصلاة والسلام- وصاحبَيْه أبا بكر وعلي بن أبي طالب -رضي الله عنهما-، ومن أُجبر على البقاء بسبب المشركين، فأذِن الله -تعالى- لنبيّه بالخُروج والهجرة.,1
كانت هجرة القبائل إلى النبي -عليه الصلاة والسلام- قبل فتح مكة؛ ليتعلّموا منه أُمور دينهم، ثُمّ يرجعون إلى أقوامهم؛ ليُعلّموهم ما تعلّموه من-عليه الصلاة والسلام-، ومن تلك القبائل قبيلة عبد القيس وغيرها.,8
وردت هذه الهجرة في قول النبي -عليه الصلاة والسلام-:(والمُهاجِرُ مَن هَجَرَ الخَطايا والذُّنوبَ)،فلا يعني أن تكون الهجرة بترك البلاد فقط، بل بهجر جميع المحرّمات والمنكرات أيضاً، ويرى بعضُ المُتأخّرين من المالكيّة أنّها تعدّ الهجرة العُظمى، ويندَرِجُ تحتها باقي أنواع الهجرة، ففيها الحثّ على الالتزام بالطّاعة، وعدم ترك العمل والعبادة، وفي الحديث الشريف مواساةٌ لمن لم يستطع الهجرة الحسّية، فهجر الفواحش والمنكرات نوعٌ مهمٌّ من الأنواع كذلك، وبها ينال الإنسان أجراً وثواباً عظيماً عند الله -سبحانه-،وتكون هذه الهِجرة-تعالى- وحده، ولا يُطلق عليها شرعيّة إلا إذا كانت خالصةً لوجه الله -تعالى-، فلا يُؤجر من ذهب للحجّ بقصد التِجارة فقط مثلاً،كما أن هجرة ما نهى الله عنه تكون بأن يُهاجِر الإنسان بقلبه إلى الله ورَسُوله، فلا يُؤثر محبّة شيءٍ على محبّتهما، ولا يتوجّه بالعبادة إلا لله، ولا يخاف إلّا من خالقه، ولا يتَّكُل إلا عليه، ولا يسألُ غيره، وهذه الهجرة تكون في جميع الأوقات.,8
تُقسم الهجرة من حيث الحُكُم إلى أنواع، وهي كما يأتي:,2
تُعدّ الهِجرة من أهم عناصروالبُعد عن الضعف في الأُمّة الإسلاميّة، وتتمثل أهمّيتها فيما يأتي:,7
تم الإرسال بنجاح، شكراً لك!,1
الهجرة هي الانتقال من مكان لآخر بقصد الاستيطان والإقامة مهما كانت مسافة الانتقال، ويستثنى من ذلك حركة البدو حيث ينتقلون من مكان لآخر بحثاً عن الطعام والماء لماشيتهم وتنقل الريفيين إلى أماكن وجود مزارعهم في مواسم الحصاد فهم بذلك لا يستقرون في مكان واحد، وتحتاج الهجرة إلى استعداد نفسي حول نية الاستقرار في الدولة أو المكان المهاجر إليه.,1
تعد الهجرة من المواضيع الأساسية للنقاش على طاولة الاجتماعات الدولية والعالمية نظراً للنتاىج الإيجابية والسلبية التي تفرضها على الدول الطاردة والدول المستقطبة.,2
تم الإرسال بنجاح، شكراً لك!,8
ينتقل الأشخاص من الريف إلى المدينة في عمليّة تُعرف باسم (التحضّر) ويكون السبب الرئيسي لهذه العمليّة هو أمل الحصول على مستوى معيشي أفضل، وتُوجد العديد منعوامل الجذبإلى المدينة، وفيما يلي أبرزها:,8
توجد العديد من العوامل التي تؤثر وتدفع السكان للخروج من الريف إلى المدينة وندرج أهمها فيما يأتي:,9
يُمكن الحد من الهجرة أو وقفها؛ إذّ تُوجد العديد من الأنشطة التي تُساعد في وقف الهجرة، ومن أبرزها:غرس الأشجاروالذي قد يؤدي إلى تغيير كل شيء في الحياة، ويكون ذلك من خلال التركيز على منح الشجرة مركز الصدارة في كافة الأنشطة الاقتصاديّة في البلاد التي تُعاني من هجرة السكان من المدينة إلى الريف، بهذه الطريقة يستطيع السكان الحصول على وظائف وفرص عمل مدفوعة الأجر والثمن، وبالتالي تحسين ظروفهم المعيشية، الأمر الذي يؤدي في نهايّة الأمر إلى تقليل عمليّة الهجرة وإبطاءها.,5
للشجر أهميّة عُظمى، فهي ليست مجرد غطاء نباتي يُستخدم للحصول على الخشب، أو في الطب أو الوقود الأحفوري، أو طعام من ثمارها، وجود الشجر يُمكن أن يُزيل الضغط الحاصل على المدن الكُبرى ويُحافظ على الظروف المعيشيّة لنصف سكان العالم، إضافةً إلى دوره في المُحافظة على إنتاج الأكسجين وامتصاص كافة أنواع الغازات مثل ثاني أكسيد الكربون، وتنظيف الهواء من التلوّث، الأمر الذي يتطلّب إعادة النظر في أهميّة الشجر والتركيز عليه لأنّه الركيزة الاقتصادية والأكثر أهميّة في البلاد.,8
تُوجد العديد من مميزات وسلبيات العيش في الريف مقارنةً مع المدينة، فيما يلي أبرزها:,8
من أهم مزايا العيش في الريف:,1
من أكثر سلبيات العيش في الريف:,4
تنتشر في معظم البلدان الهجرة من الريف إلى المدينة بحثًا عن حياة أكثر رفاهيّة، ورغم أنّ الريف يحتوي على سلبيات جعلت سكانه ينتقلون المدينة، إلّا أنّه في الوقت ذاته يضم العديد من الإيجابيات التي تُشجّع على البقاء فيه، ولكن قد يختلف القرار حسب طبيعة الشخص؛ فالأشخاص الذين يبحثون عن وظيفة يحتاجون للمدينة، بينما غيرهم قد يُناسبهم العيش في الريف.,5
تم الإرسال بنجاح، شكراً لك!,2
ربما يكون من الصعب على الأشخاص ترك أوطانهم والانتقال إلى مكان آخر للعيش، لكن لسبب أو لآخر هناك العديد من العوامل التي تجذب أولئك الأشخاص مما يؤدي إلى تفضيل خيار الهجرة والانتقال، وفيما يلي ذكر لأهم دوافع الهجرة:,8
يعبر مفهوم الهجرة البشرية عن الانتقال والتغير الدائم في مكان الإقامة للأفراد، إذ يستثنى من الهجرة، والعمل، والسفر، أو أي عملية انتقال محددة بمدة زمنية، كما تُعرف الهجرة بأنّها أحد أهم العوامل التي تؤدي إلى التغير الجغرافي والتكوّن العرقي واللغوي للسكان.,8
تنقسم الهجرة إلى نوعين أساسيين اعتماداً على حدود الدولة، وهي كما يلي:,10
تم الإرسال بنجاح، شكراً لك!,3
يشير مفهومبحسب بأنّها عملية انتقال الفرد من مكان لآخر بقصد طلب الرزق أو لتحقيق أهداف معينة، وتشير أيضاً إلى انتقال الفرد إلى دولة جديدة لا يكون مواطناً رسمياً فيها ولكن يعيش في هذه الدولة الجديدة بصفة دائمة،كما يشير مفهوم الهجرة إلى عملية انتقال الناس إلى منطقة أو دولة جديدة بهدف إيجاد ظروف معيشية أفضل وإيجاد فرص عمل أفضل.,1
فيما يلي بعض أضرار الهجرة على الدولة المستضيفة للمهاجرين:,1
فيما يلي بعض أضرار الهجرة على الدولة الأصلية للمهاجرين:,3
فيما يلي بعض الأسباب التي تؤدي إلى الهجرة:,10
تم الإرسال بنجاح، شكراً لك!,5
تقوم الهجرة على تعزيز عدد السكان العالمين؛ حيث يُعزز الأشخاص المهاجرين بالمهارات اللازمة، كما تساعد الهجرة على المساهمة في تنمية رأس المال البشري في البلدان المستقبلة؛ حيثُ يساهم المهاجرون المهرة في تعزيز البحث، والابتكار، والتقدم التكنولوجي، ويعتبر المهاجرون مصدراً لتعويض النقص قي القوى العاملة؛ خصوصاً في البلدان التي تخضع لمشلكة زيادة الشيخوخةالسريعة، حيث إنّ معظم المهاجرين هم ذوي الفئات العمرية الأصغر سناً، والأنشط اقتصادياً مقارنة مع السكان الأصليين، لذلك على مدار العشر السنوات الأخيرة شكل المهاجرين نسبة 47% من القوى العاملة في الولايات المتحدة الأمريكية.,9
يساهمُ المهاجرون بشكل كبير في دفع الضرائب بشكل أكبر من الفوائد والخدمات التي يتلقونها؛ ووفقاً للبنك الدولي فإنّ زيادة الهجرة من القوى العاملة في البلدان المتقدمة من شأنه أن يحقق مكاسب اقتصادية عالمية تبلغ 356 مليار دولار، ويتوقع بعض الاقتصاديين بأنّه إذا تم  إبقاء الحدود مفتوحة أمام العاملين وسُمح لهم الانتقال بحُريّة، فستحقق مكاسب تصل إلى 39 تريليون دولاراًالعالمي على مدار 25 عاماً.,7
تساعد الهجرة على التخلص من الحروب والحصول على حياة أفضل للناس، وتعتبر باباً للهروب من أماكن تشكل الكوراث الطبيعية؛ مثل الجفاف، والأعاصير، والزلازل، وانتشار الأمراض.,8
تُحقق الهجرة نوعيّة حياة أفضل للإنسان؛ فمن حيث التعليم، كانت برامجالعليا في الولايات المتحدة نقطة جذب قوية بشكل خاص للأفراد الشباب، والموهوبين في جميع أنحاء العالم، ومن حيث الخدمات توفر الهجرة فرص خدمة أفضل؛ مثل تقنيات الجراحة التي قد تساهم انقاض كثير من حياة البشر، والعلاج الطبي التي يتعذر الوصول إليها في المناطق النامية.,9
تم الإرسال بنجاح، شكراً لك!,8
"تُعتبر(بالإنجليزية: Europe) من أكثر الوجهات الشعبيّة للمهاجرين؛ حيث تجذب الدُول الأوروبية عدداً كبيراً من المغتربين والمهاجرين من مختلف بلدان ودول العالم سنوياً لأسباب وعوامل عدة؛فقد بلغ عدد المهاجرين وطالبي اللجوء إلى دول قارة أوروبا ما يُقارب 123,920 مهاجر خلال عام 2019م وفقاً للبيانات التي جمعتها المنظمة الدولية للهجرة (IOM)، وهذا العدد من المهاجرين هو أقل مما كان في الأعوام السابقة؛ فقد بلغ عددفي عام 2017م نحو 186,788مهاجر، وحوالي 144,282 مهاجر في عام 2018م.",4
توجد العديد من الأسباب المُشجعة على الهجرة إلى أوروبا، وفيما يأتي ذكر لأهمها:,2
يُشترط  لدخول والإقامة بالقارة الأوروبيّة الحصول على، وهي توجد بأنواع عدة كما يأتي:,3
يرغب المهاجر أو المغترب إلى القارة الأوروبيّة بالحصول على وثيقة الإقامة الدائمة، وهي وثيقة وتصريح قانوني يؤكد حق المغترب في العيش بالبلد المقيم فيه بشكل دائم ودون أي شروط، وهي لا تُعتبر إلزامية لكنها ستتيح لحاملها تعامل أفضل مع السُلطات والشكليات الإدارية، وستخلصه من مطالبات السلطات بإثبات وجود وظيفة وموارد كافية وتأمين صحي، وغيرها من المطالبات.,1
يُشترط للحصول على وثيقة إقامة دائمة أن يقدّم المغترب دليل على أنه مقيم بشكل قانونيّ في الدولة لمدة خمس سنوات، وتقديم مجموعة من المستندات التي تختلف وفق حالة المغترب عامل، عامل لحسابه الخاص، باحث عن عمل، متقاعد، طالب، كما يحق أيضاً لأفراد العائلة الحصول على وثيقة إقامة دائمة، وتنطبق عليهم ذات الحقوق، لكن سيفقد المواطن حقه في الإقامة الدائمة إذا عاش خارج الدولة لأكثر من عامين متتاليين.,5
يجب مراعاة العديد من الأمور عند الهجرة إلى أوروبا، وفيما يأتي ذكر لأهمها:,7
فيما يأتي ذكر لأفضل الأماكن للعيش في أوروبا:,10
للتعرف أكثر إلى طرق السفر إلى أوروبا يمكنك قراءة المقال,10
تم الإرسال بنجاح، شكراً لك!,2
تعرّف الهجرة على أنها انتقال الشخص من مكان مسكنه الأصلي إلى مكانٍ آخر بقصد الاستيطان سواء كانت هذه الهجرة برغبة الشخص نفسه أو رغماً عنه نتيجة الظروف المحيطة، وتنقسم هذه الهجرة إلى قسمين الهجرة الداخليّة وهي التي ينتقل فيها الفرد من البادية والريف إلى المدينة والعكس صحيح بحيث تبقى داخل الدولة نفسها، والهجرة الخارجيّة التي ينتقل فيها الأفراد من دولةٍ إلى أخرى.,8
تنقسم الهجرة الخارجيّة إلى نوعين: الهجرة القانونيّة والتي يستوفي فيها الفرد جميع متطلّبات الهجرة سواء كانت هذه المتطلبات من الدولة التي سيهاجر منها أو التي سيهاجر إليها، والنوع الثاني الهجرة غير الشرعيّة التي يهاجر فيها الفرد بشكلٍ سري ومتجاوزاً القوانين والأنظمة لعدم استيفائه لشروط الهجرة.,10
أصبحت الهجرة السريّة من الظواهر التي تؤرّق الكثير من الدول نظراً لتأثيراتها السلبية، كما أنّها خطيرةَ على الفرد نفسه فكثيراً ما سمعنا عن غرق قاربٍ يحمل الكثير من المهاجريين بطريقةٍ غير شرعيةٍ وموت من عليه، وقد تكون هذه الهجرة اختياريّة من قِبل الفرد نفسه أو إجباريّة نتيجة الظروف المحيطة.,6
تتعدّد الأسباب التي تقبع خلف إقبال الأفراد على الهجرة بطريقةٍ سريّةٍ وغير مشروعةٍ وخاصةً من فئة الشباب؛ من أهمها:,7
ممّا لا شكّ فيه أنَّ الدولة التي يهاجر منها أفرادها تخسر الكثير من مواردها البشرية الهامة، لذلك عليها وضع الخطط والطرق التي تحاول الحد من هذه الظاهرة والمحافظة على هذه الموارد وخاصّةً من يحملون الإبداعات، ومن هذه الطرق المقترحة:,9
تم الإرسال بنجاح، شكراً لك!,10
تعرّف الهجرة القرويّة على أنّها ظاهرة مغادرة أسرة، أو عدد من الأفراد، أو فرد واحد من القرية إلى مكان آخر بنيّة الاستقرار بشكل دائم، كالهجرة إلى المدن، بغض النظر عن الأسباب وراء الهجرة سواء كانت اجتماعيّة، أم اقتصادية، وسنتّخذ من ظاهرة الهجرة القروية محوراً لحديثنا في هذه المقالة.,10
تم الإرسال بنجاح، شكراً لك!,2
يوجداقتصادية كثيرة تدفع المواطنين للهجرة من مكان إقامتهم للبحث عن مكان أفضل، تتعلق بظروف الحياة الاقتصادية غير المناسبة في مكان الإقامة الأصلي؛ وإجمالي الظروف الاقتصادية في الوجهة المتعلقة بسوق العمل، ووضع العمالة، ومن أبرز الأمثلة على ذلك ما يأتي:,9
من الأمثلة على الأسباب الاجتماعية والسياسية التي تدفع الأشخاص للهجرة من القرية إلى المدينة:,10
أثّرت بعض العوامل البيئية في الهجرة من القرية إلى المدينة في العديد من البلدان النامية،وفيما يأتي بعض الأمثلة عليها:,9
ساهمت الهجرات من القرية إلى المدن في ازدهار هذه المدن بشكل كبير، وهو ما انعكس بشكل إيجابي على الوضع الاقتصادي والاجتماعي والخدماتي فيها؛ ويتّضح ذلك من خلال ما يأتي:,7
ساهمتمن القرية إلى المدينة في إحداث طفرات سكانية؛ الأمر الذي خلّف مجموعة من العواقب السلبية على مختلف الأصعدة؛الاقتصادية والاجتماعية والبيئية؛ أهمّها ما يأتي:,6
تم الإرسال بنجاح، شكراً لك!,4
تعرّف الهجرة لغةً بالترك، وأمّا شرعاً فهي الانتقال من بلد الشرك الذي تُقام فيه شعائر، ولا تقام فيه شعائر؛ كالأذان، وصلاة الجماعة، والأعياد،، إلى بلد الإسلام، وأمّا حكم الهجرة فهي واجبة على كلّ مؤمنٍ لا يستطيع إظهار شعائر دينه في بلد الكفر، فلا يتم إسلامه إذا كان لا يستطيع إظهار شعائره إلّا بالهجرة، وما لا يتم الواجب إلّا به فهو واجب، والدليل قول الله تعالى:(إِنَّ الَّذِينَ تَوَفَّاهُمُ الْمَلَائِكَةُ ظَالِمِي أَنفُسِهِمْ قَالُوا فِيمَ كُنتُمْ قَالُوا كُنَّا مُسْتَضْعَفِينَ فِي الْأَرْضِ قَالُوا أَلَمْ تَكُنْ أَرْضُ اللَّهِ وَاسِعَةً فَتُهَاجِرُوا فِيهَا فَأُولَـئِكَ مَأْوَاهُمْ جَهَنَّمُ وَسَاءَتْ مَصِيرًا*إِلَّا الْمُسْتَضْعَفِينَ مِنَ الرِّجَالِ وَالنِّسَاءِ وَالْوِلْدَانِ لَا يَسْتَطِيعُونَ حِيلَةً وَلَا يَهْتَدُونَ سَبِيلًا*فَأُولَـئِكَ عَسَى اللَّهُ أَن يَعْفُوَ عَنْهُمْ وَكَانَ اللَّهُ عَفُوًّا غَفُورًا).,2
عَلِم رسول الله -صلّى الله عليه وسلّم- منذ بدايةأنّ دعوته في مكّة لن تكون سهلةً أبداً، بل ستكون محفوفةً بالمخاطر والمهالك، حيث إنّ ورقة بن نوفل أخبره بأنّ ما نزل عليه كان الناموس الذي نزل علىعليه السلام، ثمّ قال له: (ليتني أكون حياً إذ يخرجك قومك)، فقال رسول الله صلّى الله عليه وسلّم: (أو مُخرجي هم؟)، قال: (نعم لم يأت رجل قط بمثل ما جئت به إلّا عُودي، وإن يدركني يومك أنصرك نصراً مؤزّراً)، فعلم رسول الله -صلّى الله عليه وسلّم- منذ ذلك اليوم أنّه سيهاجر من، وعلى الرغم من ذلك إلّا أنّ النبي-عليه الصلاة والسلام- لم يتوانى ولم ييأس من دعوة قومه، بل كان شديد الحرص على هدايتهم لدين الله تعالى، حيث استخدم معهم شتى أساليبوصورها، وكان ذلك يتم بالحكمة والموعظة الحسنة، حيث قال الله تعالى:(لَا إِكْرَاهَ فِي الدِّينِ قَد تَّبَيَّنَ الرُّشْدُ مِنَ الْغَيِّ فَمَن يَكْفُرْ بِالطَّاغُوتِ وَيُؤْمِن بِاللَّهِ فَقَدِ اسْتَمْسَكَ بِالْعُرْوَةِ الْوُثْقَىٰ لَا انفِصَامَ لَهَا وَاللَّهُ سَمِيعٌ عَلِيمٌ)،ولكنّ كفّار قريش لم يستجيبوا لأشكال الدعوة، وأصرّوا على عداوة الإسلام، وحرب الله ورسوله، فقرّر رسول الله -صلّى الله عليه وسلّم- البحث عن مكانٍ آخرٍ يكون أكثر استعداداً لقبول، ثمّ التقى الرسول -صلّى الله عليه وسلّم- بستة رجالٍ من أهل المدينة المنورة، وكانوا من قبيلة الخزرج، فدعاهم إلى الإسلام، ومن تدبير الله -تعالى- أنّهم كانوا يسمعون من اليهود أنّ الله -تعالى- سيرسل نبيّاً وقد حان وقته، فسارعوا إلى الإسلام، وبايعوا رسول الله، ثمّ عادوا إلى قومهم، ودعوا إلى الله، فانتشر الإسلام في، وفي العام التالي عادوا اثنا عشر رجلاً، وبايعوا النبي -عليه السلام- عند العقبة بيعة النساء، وأرسل معهمرضي الله عنه؛ ليعلّم الناس القرآن، ويدعوهم إلى الإسلام، فلمّا كان العام التالي جاءت مجموعة كبيرة من الأنصار إلى؛ للقاء رسول الله، فواعدهم عند العقبة في أواسط أيام التشريق، فلمّا حان الموعد خرجوا في الثلث الأخير من الليل متسلّلين، ولقوا رسول الله، وبايعوه على أن يحموه كما يحمون أنفسهم وأبناءهم ونساءهم، وعلى أن يهاجر إليهم هو.,10
لمّا سمعتأنّ الصحابة قد همّوا بالخروج إلى المدينة، وأنّ رسول الله عازمٌ على الخروج، علموا أنّهم يواجهون خطر حقيقياً؛ إذ إنّه سيكون للمسلمين كياناً يهدّد اقتصادهم ووثنيتهم، فاجتمعوا في دار الندوة؛ ليتشاورا في الأمر، فاقترح زعماء قريش حبس النبي عليه السلام، أو إخراجه من مكّة، وكان رأي أبي جهل أن يقتلوه، فأجمعوا على قتله، فلمّا كان ذلك القرار الغاشم، أنزل الله -تعالى--عليه السلام- على رسول الله، وأخبره بالمؤامرة، ثمّ أمره بالهجرة، وحدّد له موعدها، حيث قال له: (لا تبت هذه الليلة على فراشك الذي كنت تبيت عليه)، فخرج النبي -عليه الصلاة والسلام- متوجّهاً إلى أبي بكر الصّديق، ولمّا قال قائل لأبي بكر أنّ رسول الله جاءه، قال أبو بكر: (فداء له أبي وأمي، والله ما جاء به في هذه الساعة إلّا أمر)، ولمّا دخل رسول الله قال: (فإنّي قد أذن لي في الخروج)، قال أبو بكر: (الصحبة بأبي أنت يا رسول الله)، فقال: نعم، ثمّ أبرم خطة، وعاد إلى بيته ينتظر مجيء الليل، فلمّا جاء الليل حاصر أبو جهل ومعه مجموعة من المقاتلين بيت رسول الله، وهم ينتظرون لحظة تنفيذ القتل، ولكنّ الله غالب على أمره، قال الله تعالى:( وَإِذ يَمكُرُ بِكَ الَّذينَ كَفَروا لِيُثبِتوكَ أَو يَقتُلوكَ أَو يُخرِجوكَ وَيَمكُرونَ وَيَمكُرُ اللَّهُ وَاللَّهُ خَيرُ الماكِرينَ)،وفي هذه الأثناء خرج رسول الله، واخترق صفوفهم، وأخذ حفنةً من التراب، وحثاها على رؤوسهم، وقرأ:(وَجَعَلْنَا مِن بَيْنِ أَيْدِيهِمْ سَدًّا وَمِنْ خَلْفِهِمْ سَدًّا فَأَغْشَيْنَاهُمْ فَهُمْ لَا يُبْصِرُونَ)،فأخذ الله -تعالى- أبصارهم عنه، فلم يروه، وتوجّه الرسول إلى بيت أبي بكر، فخرجا من خوخةٍ في دارليلاً، حتى لحقا بغار ثور باتجاه اليمن، وكان ذلك في السابع والعشرين من شهر صفر، سنة أربع عشر من النبوة، ولمّا وصلا إلى غار ثور، قال أبو بكر للنبي عليه الصلاة والسلام: (والله لا تدخله حتى أدخله قبلك)، فدخل أبو بكر، فوجد ثقوباً في الغار، فسدّها بإزاره، وبقي منها اثنان، فسدّهما بقدميه، ثمّ دخل رسول الله، ووضع رأسه في حِجر أبي بكر، ثمّ نام، فلُدغ أبو بكر في رجله من الجُحر، ولكنّه لم يتحرّك حتى لا يوقظ النبي، فسقطت دموعه على وجه رسول الله، فقال الرسول: (مالك يا أبا بكر؟)، فقال: (لُدغت بأبي أنت وأمي يا رسول الله)، فتفل رسول الله عليها، فذهب ما كان يجده، ثمّ استنفرت قريش للبحث عن الرسول -صلّى الله عليه وسلّم- وأبو بكر رضي الله عنه، حتى وصلوا إل باب الغار، كما روى أنس بن مالك عنأنّه قال:(كنتُ مع النبيِّ -صلَّى اللهُ عليهِ وسلَّمَ- في الغارِ، فرفعتُ رأسي فإذا أنا بأقدامِ القومِ، فقلتُ: يا نبي اللهِ، لو أنَّ بعضَهم طأطأَ بصرَه رآنا، قال: اسكتْ يا أبا بكرٍ، اثنان اللهُ ثالثُهما)،ثمّ رجعوا، ولم يجدوهم، وكانت هذه معجزة أكرم الله -تعالى- بها نبيّه، وبعد أن خمدت نار قريش، وتوقّفت عمليات البحث خرج رسول الله -صلّى الله عليه وسلّم- وأبو بكر -رضي الله عنه- مهاجران إلى.,7
تم الإرسال بنجاح، شكراً لك!,2
تعتبرالشريفة من مكة المكرمة إلى المدينة المنورة الحدث المفصلي الأعظم في التاريخ الإسلامي، وذلك لما لها من الأثر العظيم في نهضة الأمة الإسلامية، وتأسيس الدولة التي امتدت لقرون طويلة، وهناك العديد من الدروس والعبر التي يمكن استنباطها من الهجرة النبوية؛ وذلك لأهميتها العظيمة، وأحداثها، ووقائعها العديدة والمتنوعة، وفيما يأتي ذكر أهمّها:,7
إنّ الهجرة بمعناها الشرعي الواسع ليست هجرة من منطقةٍ جغرافيةٍ محدودةٍ إلى منطقةٍ جغرافيةٍ أخرى، بل تتضمّن ترك السيّئات والمعاصي، والإقلاع عنها، و-تعالى-، والأنس بجواره، وليس هناك أجمل من السّعي لنيل رضا الله -تعالى-، وطلب نعيمه الأُخرويّ الذي لا ينضب.,4
وقد قال رسول الله -صلى الله عليه وسلم- في هذا المعنى:(المُهاجِرُ مَن هَجَرَ ما نَهَى اللهُ عنْه)،ومَن هجَر شيئاً يحبّه من الذنوب لوجه الله -تعالى- عوّضه بخيرٍ منه، وقال الحبيب المصطفى أيضاً:(الْعِبادَةُ في الهَرْجِ كَهِجْرَةٍ إلَيَّ)،أي إنّ عبادة الله في وقت الفتن والشدائد كالهجرة إلى النبي.,9
الهجرة النبوية الشريفة ليست بالرّحلة الهيّنة، ذلك أن الرسول الأكرم -صلى الله عليه وسلم- ومن معه من المسلمين كانوا ملاحقين من قريش كلها، ولولا فضل الله -تعالى- عليهم ورحمته بهم لَما نجحت الهجرة، ولَما استطاع المسلمون تأسيس تلك الدولة العظيمة.,5
ولا شك أن المسلمين في تلك الأثناء كانت قلوبهم معلَّقةً به -سبحانه وتعالى- وحده، وهذا إن دلَّ على شيءٍ فإنما يدلّ على أن-تعالى- هو سبيل النجاة الأساسي، قال -تعالى-:(وَالَّذِينَ هَاجَرُوا فِي اللَّهِ مِنْ بَعْدِ مَا ظُلِمُوا لَنُبَوِّئَنَّهُمْ فِي الدُّنْيَا حَسَنَةً وَلَأَجْرُ الْآخِرَةِ أَكْبَرُ لَوْ كَانُوا يَعْلَمُونَ* الَّذِينَ صَبَرُوا وَعَلَى رَبِّهِمْ يَتَوَكَّلُونَ).,7
لا شكّ أنّ الأخذ بالأسباب بعد التوكّل على الله من أهمّ أسباب النّصر والحصول على المراد، وقد كان النبيّ -صلى الله عليه وسلم- في هجرته يأخذ بكافة الأسباب الممكنة، ويتعلّم المسلم من ذلك أهميّة الأخذ بالأسباب وعدموالقعود،ويظهر ذلك في هجرة النبيّ بالعديد من الصّور، وأهمّها:,4
لاقى رسول الله -صلى الله عليه وسلم- الشدائد في الهجرة النبوية، ولكنه ثبت وصبر واحتسب أجره عند الله -تعالى-، ولم يكن قلبه إلا ممتلئاً على الدوام باليقين المطلق بأن فرج الله -تعالى- آتٍ لا محالة، وبالفعل فقد مكَّن له الله، ونصره نصراً مؤزراً، وبلغ صيته الآفاق، ولا يزال إلى يومنا هذا أعظم إنسان عرفته الإنسانية، ولا تزال الهجرة حدثاً تاريخياً عظيماً يُستحال أن تُنسى.,2
إنّ الصديق الصالح من أهمّ ما يُعين المسلم على الشدائد، ويظهر ذلك في-رضي الله عنه- للنبيّ -صلى الله عليه وسلم- في الهجرة، فقد بكى أبو بكر فرحاً عندما علم أنّه سيصاحب النبيّ في هجرته، وكانا خير سندٍ ومعينٍ لبعضهما في الهجرة، وقد ضرب الصدِّيق -رضي الله عنه- أروع الأمثلة في التضحية والفداء في سبيل الحفاظ على حياة النبيّ الكريم.,6
تم الإرسال بنجاح، شكراً لك!,1
أصبحتإحدى السمات المرتبطة بالحياة الاجتماعية والاقتصادية لمختلف بلدان العالم، وهي تمتاز بتنوّع مصادرها وأسبابها، وتُعدّ الهجرة العائلية والإنسانية إحدى الأمثلة المهمة على مصادر الهجرة، وتجدر الإشارة إلى أن للهجرة أيّاً كان مصدرها تأثيرٌ مهم على جميع البلدان وبما فيه التأثير الاقتصاديّ لها؛حيث يّشكّل المهاجرون جزءاً رئيسياً من القوى العاملة العالمية؛ إذ بلغ عدد العمال المهاجرون في مختلف مناطق العالم ما يُقارب 190 مليون عامل، أي ما يُقدَّر بنحو 3% من سكان العالم هم من العمال المهاجرين.,6
يعتقد معظم الأفراد أنّ البحث عن وظيفة مميّزة وبدخلٍ مرتفع يُعدُّ من أهمالتي تدفعهم للهجرة؛ إذ تُعدّ قلّة الفرص الاقتصادية الموجودة في البلد الأم الدافع الرئيسي للهجرة،إضافةً إلى عدم المساواة في توزيع الدخل؛ فعند مقارنة الدخل في دول العالم النامي مع الدول المتطوّرة يلاحظ أنّ الدخل في الدول المتطوّرة يعدُّ أعلى بنحو 70 مرةً ممّا هو عليه في البلدان النامية منخفضة الدخل،علماً بأنّ غالبية العمال المهاجرين يعملون عادةً ضمن وظائف في مستوى أدنى من مستوى مهاراتهم؛ حيث بينت الدراسات أن حوالي 32% من المهاجرين الذين يحملون شهاداتٍ جامعية يضطرون للعمل ضمن وظائف تحتاج إلى مستوى متوسط إلى منخفض من المهارة، وتُعدُّ قطاعات البناء والتصنيع والخدمات من أكثر القطاعات التي تستقبلمن فئة الشباب.,8
أقرَّت منظمة العمل الدولية بأنّه من المتوقّع ارتفاع نسبة البطالة ضمن فئة الشباب؛ الذين تقل أعمارهم عن 24 عاماً على مدى السنوات المقبلة، وقد تمّ إطلاق اسم جيل الأزمة على تلك الفئة من العمال، بالإضافة إلى ذلك فإن العديد من الأفراد يضطرون للهجرة من الريف إلى المدينة ومن مختلف الأعمار لعدّة أسباب منها ما يأتي:,3
يمكن ملاحظة وجود أثر واضح للهجرة على الابتكار، ويظهر ذلك من خلال قدرة المهاجرين على تنمية الأعمال وتطويرها نتيجة توظيفهم في الوظائف المتعلّقة بتلك الأعمال، وخصوصاً في المناطق التي يوجد بها مستويات متدنية من المهارات؛ فعادةً ما يملك العمال المهاجرون وجهات نظرٍ جديدة وأفكار متميّزة للأعمال التجارية؛ ممّا يساهم في توسعة دائرة المعارف والاتصالات الدولية لأرباب العمل، كما أنّ تنوّع ثقافات القوة العاملة يساهم في إثراء ثقافات العمال في مكان العمل؛ الأمر الذي بدوره يساهم في تنمية وتطوير الأعمال.,9
يجلب المهاجرون معهم في معظم الأحيان مهاراتٍ تكون في الأصل غير موجودة في الاقتصاد المحلي للدول المُضيفة؛ ممّا يُعزّز من الإبداع والابتكار في تلك الدول وبالتالي تنميتها، وقد بيّنت الدراسات دور المهاجرين في تأسيس بعض أكبر الشركات المختصَّة بصناعة التكنولوجيا بشكلٍ جزئيّ، كمّا بيّنت المؤسسة الوطنية للسياسة الأمريكية ضمن أحد أبحاثها لعام 2016م أنّ أكثر من نصف الشركات الناشئة الأمريكية؛ التي تصل قيمتها إلى ما يُقارب مليار دولار وأكثر تمّ تأسيسها من قِبل مهاجر واحد على الأقل، كما أنّ 70% من تلك الشركات الناشئة يعمل بها المهاجرون؛ كأعضاء أساسيين ضمن فريق الإدارة والإنتاج، ويشغلون مناصب مهمة فيها، ويجدر بالذكر أنّ توفير بيئة مريحة للمهاجرين يُساهم بشكلٍ واضح في تنمية الدول؛ فعلى سبيل المثال يوجد هناك 25 دولةً من الدول؛ التي تُعدُّ من أغنى الدول وأكثرها تطوّراً في العالم يشكّل المهاجرون فيها نحو 22.5٪ من عدد سكانها.,6
يوجد للهجرة تأثيرٌ واضحٌ علىالدولة المُضيفة والتوظيف فيها، ويعتمد ذلك التأثير بشكلٍ أساسي على كلٍّ من المهارات التي يتمتّع بها عمّال الدولة الحاليين ومهارات المهاجرين، إضافةً إلى خصائص الاقتصاد في تلك الدول، وقدرة الدولة على التكيّف مع الزيادة في عرض العمالة؛ فالهجرة قد تؤدي إلى زيادة الطلب على العمالة؛ وذلك بسبب مساهمة المهاجرين في توسيع طلب المستهلكين على سلعٍ وخدماتٍ معينة؛ لِذا فإن الهجرة قد تزيد من المنافسة على بعض الوظائف المِهنيّة الحالية، كما أنّها قد تُساهم في خلق وظائف جديدة.,1
إنّ امتلاك المهاجرين للمهارات التي من الممكن أن تحلَّ محل مهارات العمال الحاليين أو تكمّلها سينعكس أثره على أجور العمال الحاليين أو توظيفهم، وفي حال تمّ اعتماد المهاجرين كبدائل للعمّال الحاليين؛ فإنّ ذلك سينعكس على زيادة التنافس بين المهاجرين والعمال الحاليين على الوظائف؛ وبالتالي خفض الأجور على المدى القصير، والذي بدوره يؤدي إلى زيادةبين العمال الحاليين بسبب عدم استعدادهم للعمل ضمن تلك الأجور المنخفضة؛ أما في حال كانت مهارات المهاجرين مكمّلةً لمهارات العمال الحاليين، سيؤدي ذلك إلى زيادة الإنتاجية؛ التي بدورها قد تؤدي إلى ارتفاع أجور العمال الحاليين.,5
تشهد المهن التي تتطلّب مستوى منخفض من المهارات منافسةً كبيرة من قِبل المهاجرين؛ وذلك لأنه يكون من السهل الحصول على الوظائف التي تحتاج لتلك المهارات المتدنية، أمّا فيما يتعلّق بتوسيع عرض العمالة؛ فللهجرة دور واضح في توسيع الطلب على العمالة، وبالتالي إيجاد وظائف جديدة؛ إذ إنّ عدد الوظائف في الاقتصاد هو عدد غير ثابت، كما قد يتم زيادة الإنتاج في القطاعات التي تُستخدم فيهامن قِبل أصحاب العمل.,10
تظهرالاقتصادية قصيرة الأجل للهجرة على الدولة المرسِلة من خلال التحويلات المالية؛ وهي تتمثل بالمبالغ المالية التي يحصل عليها المهاجرون نتيجة عملهم في البلدان المُضيفة ويرسلونها إلى بلدانهم الأصلية بهدف تقديم الدعم لأسرهم، ووفقاً للبنك الدولي؛ فقد وصلت قيمة التحويلات التي تمّ إرسالها إلى مختلف دول العالم لعام 2012م إلى نحو 529 مليار دولار، منها حوالي 401 مليار دولار تمّ إرسالها إلى الدول النامية، ويعتقد بأن حجم التحويلات قد تعدَّت تلك الأرقام؛ فهي تمثّل فقط الأموال المرسلة من خلال القنوات الرسمية؛ حيث يمكن أن تُضيف التحويلات المرسلة عبر القنوات غير الرسمية نحو 50% على الأقل إلى التدفُّقات المسجلة عالمياً.,9
تلعب الهجرة دوراً واضحاً في تحسين الوضع الاقتصادي للأسر على المدى الطويل من خلال التحويلات المالية، وتحسين رفاهية تلك الأسر من خلال قدرتها على توفير الرعاية الصحية والتعليم المناسبين لأفرادها، إلّا أنّها قد تترك أثراً اجتماعيّا سلبياً على أفراد الأسرة ناتجٌ عن غياب أحد أهم أفرادها، علماً بأنه يصعب تحديد تأثير الهجرة على أفراد الأسرة الباقين؛ وذلك بسبب أهمية كلٍّ من التعليم، والصحة، والوضع الاجتماعي لأفراد الأسرة، مقارنةً مع الأثر الاجتماعي الذي تتركه،ومن ناحيةٍ أخرى قد تترك الهجرة أثراًعلى الدول المرسِلة يتمثّل فيما يعرف بهجرة الأدمغة (بالإنجليزية: Human capital flight)؛ الذي يؤدي إلى فقدان الأفراد المتعلمين والخبراء بسبب هجرتهم لدول أخرى.,5
يوجد العديد من التحديات التي تواجه المهاجرين في البلد المُضيف، ويبين الآتي أبرزها:,1
ولمعرفة مزيدٍ من المعلومات حول ظاهرة الهجرة، يمكنك قراءة مقال.,8
تم الإرسال بنجاح، شكراً لك!,3
